"","PBDITA.as...of.total.income","Current.ratio..times.","Debt.to.equity.ratio..times.","EPS","Probability.of.Default","Decile.groups","Default","Default.Prediction"
"159",21.06,2.33,0.57,8784,-1093.9222758197,10,0,FALSE
"61",9.62,1.05,1.79,4387.24,-546.845551449335,10,0,FALSE
"227",8.48,1.5,2.5,3920,-488.674374433529,10,0,FALSE
"402",19.93,3.06,0.08,2852.69,-358.567329026117,10,0,FALSE
"155",11.28,1.46,1.31,2708.8,-339.094378210539,10,0,FALSE
"490",27.07,3.67,0.04,1588.09,-202.373024927568,10,0,FALSE
"544",0,505,0,0,-181.776255858979,10,0,FALSE
"699",3.04,0.77,1.08,1441.5,-181.236199494637,10,0,FALSE
"513",24.68,2.47,0.09,1352,-172.492360497411,10,0,FALSE
"248",9.89,2.76,1.11,1291.67,-163.766678683037,10,0,FALSE
"530",17.14,1.35,0.5,964.63,-123.404100022801,10,0,FALSE
"315",34.27,2.03,0.11,840,-109.40735974553,10,0,FALSE
"666",13.35,1.15,0.2,588.98,-76.629212688708,10,0,FALSE
"7",68.06,166,0.05,0.13,-65.5683225605343,10,0,FALSE
"237",4.6,0.93,0,431.11,-56.5136577303425,10,0,FALSE
"337",11.91,1.44,0.84,371.43,-49.3854019634932,10,0,FALSE
"410",10.11,1.44,0.39,353.33,-47.2204335076844,10,0,FALSE
"26",11.88,0.83,0.81,335.56,-44.7301398816156,10,0,FALSE
"50",9.17,1.21,1.51,297.5,-39.6794605074027,10,0,FALSE
"458",26.24,0.49,0.04,263.13,-36.8370453294149,10,0,FALSE
"652",15.5,1.77,0.79,256.85,-35.5319835566185,10,0,FALSE
"682",35.78,2.47,0.05,228.55,-33.8345273172892,10,0,FALSE
"379",23.53,1.9,0.33,231.92,-33.176096141785,10,0,FALSE
"491",37.13,0.51,1.41,228.3,-32.6127616878829,10,0,FALSE
"434",13.69,76.33,0,-0.21,-30.3493541245052,10,0,FALSE
"213",8.32,1.4,0.07,206.04,-28.9611908370973,10,0,FALSE
"576",38.92,1.07,0.01,164.67,-25.6238142435108,10,0,FALSE
"371",7.14,0.95,1.09,146.67,-20.9306589206213,10,0,FALSE
"663",26.21,0.42,0,132.51,-20.6244981407854,10,0,FALSE
"616",22.35,46.69,0.03,0,-20.3696146106612,10,0,FALSE
"100",18.71,1.33,1.29,135.13,-20.2622946848013,10,0,FALSE
"511",0,46,0,0,-18.7597138546849,10,0,FALSE
"540",43,37.64,0,0,-18.4410078770137,10,0,FALSE
"322",22.62,1.76,0.14,112,-18.2754694471271,10,0,FALSE
"387",8.56,1.03,2.08,126.02,-18.0644077316447,10,0,FALSE
"94",27.66,2.38,3.25,111.93,-17.476206789904,10,0,FALSE
"74",16.79,1.77,0.13,102.44,-16.7380497399387,10,0,FALSE
"195",20.92,1.58,0,99.49,-16.6144335812119,10,0,FALSE
"253",13.33,0.91,2.45,111.51,-16.3586852881566,10,0,FALSE
"557",51.35,2.08,0,68.43,-14.8147741462383,10,0,FALSE
"385",13.85,0.6,0,90.8,-14.7526502011224,10,0,FALSE
"376",36.73,2.83,0.08,72.9,-14.7004980684947,10,0,FALSE
"467",8.78,0.96,0.12,89.23,-14.3222669076839,10,0,FALSE
"367",6.08,32,0.02,0,-14.1537876367995,10,0,FALSE
"533",0.99,0.23,0,91.84,-13.9575962988312,10,0,FALSE
"163",36.14,1.58,0.69,72.74,-13.9411533285489,10,0,FALSE
"650",7.54,2.15,0.71,84.23,-13.7975556781341,10,0,FALSE
"308",0,32,0.08,0,-13.7535400467735,10,0,FALSE
"59",15.6,1.07,0.77,79.93,-13.3518929517643,10,0,FALSE
"498",18.03,4.75,0,62.5,-12.9737005150491,10,0,FALSE
"321",19.6,3.68,0.06,63.47,-12.7852844842462,10,0,FALSE
"548",38.14,1.45,0.05,60.22,-12.737140338784,10,0,FALSE
"605",12.1,1.03,0.26,73.89,-12.5894185313093,10,0,FALSE
"341",8.09,0.8,1.79,81.2,-12.5172496610433,10,0,FALSE
"188",8.26,1.19,5.55,92.82,-12.5100384985463,10,0,FALSE
"331",22.46,0.57,0.59,66.56,-12.0151377889529,10,0,FALSE
"712",22.09,0.92,0.03,62.77,-11.8844457620832,10,0,FALSE
"286",26.69,0.83,0.9,62.84,-11.7750360470693,10,0,FALSE
"81",13.11,1.26,0.11,64,-11.5702815904993,10,0,FALSE
"424",28.12,4.37,0.25,47.62,-11.5086378210849,10,0,FALSE
"602",32.83,1.71,0.23,51.51,-11.3452693650601,10,0,FALSE
"622",33.33,19,0.04,0,-11.2078755539774,10,0,FALSE
"713",14.04,1.4,0.84,61.76,-11.089289612403,10,0,FALSE
"281",-5.56,25.13,0.06,-0.61,-10.9037468759245,10,0,FALSE
"655",5.08,1.12,1.68,68.05,-10.860911018083,10,0,FALSE
"304",16.61,1.41,2.67,64.06,-10.7589933343065,10,0,FALSE
"120",17.21,2.18,0.82,54.77,-10.703120278395,10,0,FALSE
"470",8.45,1.08,0.87,62.4,-10.6977303996776,10,0,FALSE
"582",18.57,1.25,2.29,61.08,-10.6147819477023,10,0,FALSE
"242",13.49,3.01,0.02,49,-10.3927835030502,10,0,FALSE
"231",11.63,1.09,0.19,55.34,-10.3104557463212,10,0,FALSE
"482",11.5,0.73,0.36,56.34,-10.226400021645,10,0,FALSE
"285",4.4,2.34,3.01,64.07,-10.1934745355222,9,0,FALSE
"612",19.4,1.06,0.33,51.04,-10.1858402084595,9,0,FALSE
"488",27.09,1.92,0,43.17,-10.1292409469231,9,0,FALSE
"46",14.43,1.46,0.03,50.87,-10.1279470877201,9,0,FALSE
"429",28.98,7.58,0,25.19,-10.0255778990684,9,0,FALSE
"318",15.15,1.75,0.75,49.67,-9.82054105021184,9,0,FALSE
"153",1.61,20.5,0.03,-0.03,-9.7860068412132,9,0,FALSE
"328",20.88,1.76,0.09,42.47,-9.56457680060313,9,0,FALSE
"143",28.85,0.79,0.11,41.07,-9.52916189378124,9,0,FALSE
"649",28.89,0.4,0.34,42.36,-9.45540924971722,9,0,FALSE
"117",28.26,4.04,0.44,32.52,-9.44624711731661,9,0,FALSE
"671",37.61,0.22,0.01,36.16,-9.30009025398165,9,0,FALSE
"103",17.48,1.48,0.75,43.72,-9.13019233311815,9,0,FALSE
"356",100,1.21,0,0,-9.01599674146979,9,0,FALSE
"369",6.65,1.07,0.84,49.54,-9.00075277953981,9,0,FALSE
"525",18.33,0.99,0.84,43.69,-8.96659550050106,9,0,FALSE
"527",11.33,1.22,0.01,43.5,-8.94591658032403,9,0,FALSE
"466",7.47,0.96,1.06,49.32,-8.89146089148629,9,0,FALSE
"406",28.42,0.72,0.88,38.88,-8.87896710192854,9,0,FALSE
"670",14.29,1.72,0.01,38.9,-8.73533080423493,9,0,FALSE
"443",6.22,1.1,0.29,45.4,-8.705047733821,9,0,FALSE
"631",7.74,16.29,0.04,0.25,-8.69912012143197,9,0,FALSE
"396",34.09,3.15,0,24.34,-8.66176446796237,9,0,FALSE
"430",100,0.17,0,0,-8.64663464193936,9,1,FALSE
"393",15.48,1.3,0.36,39.44,-8.57778446654906,9,0,FALSE
"9",8.71,1.19,0,41.19,-8.49147627954101,9,0,FALSE
"411",12.44,1.82,0.31,37.21,-8.31971178778342,9,0,FALSE
"362",7.62,15.14,0,0.14,-8.28664525603462,9,0,FALSE
"432",8.85,0.82,0.26,41.41,-8.28551481447921,9,0,FALSE
"587",23.97,5.2,0,20.42,-8.27980747226519,9,0,FALSE
"442",43.4,0.86,0.2,23.84,-8.2752972832012,9,0,FALSE
"714",90.45,1.41,0.58,-0.86,-8.14527420889706,9,0,FALSE
"688",27.22,0.86,0.45,31.64,-8.13933977202539,9,0,FALSE
"353",98.4,0.34,1.07,-0.13,-8.13762681689512,9,0,FALSE
"208",68.25,2.47,0.61,6.89,-8.10200122018598,9,0,FALSE
"106",8.39,13.52,0,2.83,-8.0924359501267,9,0,FALSE
"648",14.77,1.03,0.27,36.05,-8.05585617484734,9,0,FALSE
"578",11.46,1.37,0,35.52,-8.02156806180575,9,0,FALSE
"314",97.74,0,0.81,-1.01,-7.97750622511901,9,0,FALSE
"18",64.54,0.04,3.73,24.19,-7.83061086946364,9,0,FALSE
"485",21.7,1.02,0.8,32.23,-7.78040090017732,9,0,FALSE
"73",22.63,1.08,0.02,27.79,-7.63968950352799,9,0,FALSE
"421",24.43,1.12,0.46,28.14,-7.62130419911803,9,0,FALSE
"381",80,0.67,0,-0.09,-7.58030565722354,9,0,FALSE
"549",20.67,4.64,0.27,18.72,-7.5519181621568,9,0,FALSE
"634",21.36,1.9,0.07,24.69,-7.44685204955245,9,0,FALSE
"110",20.34,1.64,0.47,27.13,-7.42435434996981,9,0,FALSE
"628",11.02,1.44,1.82,36.95,-7.42338265394411,9,0,FALSE
"680",46.95,5.34,0,1.67,-7.42009625605827,9,0,FALSE
"223",10.28,1.31,1.12,34.77,-7.35860891863868,9,0,FALSE
"204",35.23,0.86,0.07,20,-7.35062334552751,9,0,FALSE
"224",17.89,1.97,0.66,27.13,-7.30981450574386,9,0,FALSE
"624",17.11,1.47,0.71,28.81,-7.2713113577829,9,0,FALSE
"53",40.66,1.71,0.06,13.82,-7.22484281364424,9,0,FALSE
"710",33.52,0.03,0,21.17,-7.12532052621674,9,0,FALSE
"32",3.47,0.72,1.1,37.37,-7.06033444952207,9,0,FALSE
"623",43.4,6.4,0.7,-0.13,-7.05704022313551,9,0,FALSE
"561",73.91,0.26,0.11,0.04,-7.028708904144,9,0,FALSE
"588",63.19,2,0.55,1.36,-6.96271577546295,9,0,FALSE
"512",13.48,0.88,0,27.26,-6.94743226241766,9,0,FALSE
"604",25.45,1.63,0,18.79,-6.90092971546099,9,0,FALSE
"521",45.65,4.81,0.1,-0.01,-6.90084917499367,9,0,FALSE
"702",30.69,0.8,0.76,21.02,-6.88282945851848,9,0,FALSE
"243",20.53,9.72,0.33,-1.41,-6.82494955637731,9,0,FALSE
"510",24.38,1.41,0.85,22.19,-6.81743683946702,9,0,FALSE
"709",2.47,1.22,1.07,34.21,-6.79703811112109,9,0,FALSE
"156",28.62,1.53,1.48,21.73,-6.79665142717783,9,0,FALSE
"311",35.34,0.28,0.14,17.33,-6.79046860747047,9,0,FALSE
"38",24.75,3.39,0.02,13.05,-6.76233851369312,9,0,FALSE
"265",21.05,1.78,0.65,21.36,-6.72561425055042,9,0,FALSE
"373",27.03,0.9,0.15,19.12,-6.71625322090577,9,0,FALSE
"305",19.41,2.08,0.47,20.53,-6.70459959428015,8,0,FALSE
"551",70.59,0.02,0.15,-0.31,-6.67842438850688,8,0,FALSE
"202",7.55,1.27,1.09,30.57,-6.6678887615853,8,0,FALSE
"697",21.35,1.22,0.59,22.12,-6.66498651959477,8,0,FALSE
"169",13.43,1.03,1.65,30.23,-6.66496035428349,8,0,FALSE
"154",19.26,1.49,0.96,23.26,-6.61625732730177,8,0,FALSE
"203",16.74,0.74,0.04,22.86,-6.53585114058919,8,0,FALSE
"336",11.25,1.19,1.51,29.17,-6.51541348922009,8,0,FALSE
"216",41.18,3.84,0,0,-6.32456004607098,8,0,FALSE
"28",27.08,1.48,0.24,13.58,-6.19987233261377,8,0,FALSE
"640",60,0.67,0.45,0,-6.16752363753056,8,0,FALSE
"166",23.88,7.19,0.9,0.64,-6.14499221424524,8,0,FALSE
"333",15.49,0.51,0.19,21.46,-6.13972062527763,8,0,FALSE
"126",29.49,3.37,0,4.88,-6.04244102018843,8,0,FALSE
"152",80.65,0.33,3.57,0.33,-6.03483638507783,8,1,FALSE
"679",12.72,1.9,0.48,18.8,-6.00947125963576,8,0,FALSE
"422",17.33,1.09,0.5,18.84,-6.00240612628611,8,0,FALSE
"646",20.74,3.87,0.04,7.46,-5.98373570511538,8,0,FALSE
"112",11.15,1.94,0.38,18.89,-5.98056090853668,8,0,FALSE
"165",14.83,0.88,0.25,19.09,-5.91096599538466,8,0,FALSE
"205",26.09,1.07,0.12,12.24,-5.87800413632991,8,0,FALSE
"289",12.27,1.51,3.47,29.22,-5.86533890656227,8,0,FALSE
"79",21.02,1.52,0.87,15.51,-5.81228082555881,8,0,FALSE
"137",9.01,1.72,0.97,21.03,-5.78529188860785,8,0,FALSE
"416",17.26,0.5,0.03,17.01,-5.76124739450848,8,0,FALSE
"48",13,1.15,0.83,19.79,-5.73445419719338,8,0,FALSE
"1",13.07,1.31,0.64,18.6,-5.72870978588884,8,0,FALSE
"63",14.31,0.93,11.02,54.46,-5.70803200760648,8,0,FALSE
"33",25,0.25,0,13.33,-5.70578906872257,8,0,FALSE
"449",23.53,5.45,0.29,0,-5.68524554567436,8,0,FALSE
"499",9.38,1.23,1.54,23.28,-5.67098294645097,8,0,FALSE
"637",17.71,1.73,1.17,16.33,-5.6570931221041,8,0,FALSE
"520",15.47,1.31,0.86,17.16,-5.60453612383339,8,0,FALSE
"653",8.07,4.34,0,8.75,-5.5467310293015,8,0,FALSE
"256",6.56,7.85,0.56,0.74,-5.46870908454986,8,0,FALSE
"246",11,1.87,0.07,13.64,-5.42693299088891,8,0,FALSE
"408",10.59,2.13,0.44,14.3,-5.41866076041757,8,0,FALSE
"564",20.07,0.74,0.22,12.68,-5.40183754292111,8,0,FALSE
"233",20.45,3.81,0.05,3.08,-5.39698300131217,8,0,FALSE
"661",10.79,1.21,0.7,17.53,-5.3944389789952,8,0,FALSE
"677",26.08,0.18,0.08,10.26,-5.33268465595288,8,0,FALSE
"352",20.26,1.43,1.27,13.44,-5.30673973613109,8,0,FALSE
"264",16.66,1.23,1.32,15.63,-5.26422985395125,8,0,FALSE
"114",6.66,1.84,2.36,22.4,-5.26239998192436,8,0,FALSE
"593",33.69,0.49,0.01,4.68,-5.24941004305452,8,0,FALSE
"12",15.42,2.03,0.19,9.85,-5.23507381376887,8,0,FALSE
"184",11.67,0.73,1.68,20.4,-5.2178173372173,8,0,FALSE
"215",33.71,0.95,0.11,3.41,-5.21398697986322,8,0,FALSE
"665",15.23,0.87,0.76,14.96,-5.2030639879234,8,0,FALSE
"423",8.77,1.32,0.14,14.64,-5.18844927981547,8,0,FALSE
"403",9.79,1.25,1.18,17.66,-5.15918380448993,8,0,FALSE
"418",7.92,0.78,1.37,20.57,-5.15724143336606,8,0,FALSE
"357",17.57,1.76,0.41,9.6,-5.14721301730044,8,0,FALSE
"613",27.63,1.47,0.56,5.78,-5.12669892059156,8,0,FALSE
"245",13.33,1.16,1.23,16.03,-5.12197615586199,8,0,FALSE
"17",19.29,2.6,0.22,5.44,-5.11626051851892,8,0,FALSE
"492",18.96,1.09,0.51,10.74,-5.09385654546672,8,0,FALSE
"378",19.9,1.7,0,6.17,-5.01824933756957,8,0,FALSE
"284",24.23,1.8,0,3.71,-5.0155016289752,8,0,FALSE
"534",33.4,1.4,0,-0.07,-4.9697595901792,8,0,FALSE
"455",11.27,1.39,0.82,13.7,-4.96187076153248,8,0,FALSE
"27",19.27,1.89,0.02,5.46,-4.95032727022201,8,0,FALSE
"257",21.28,0.11,0.4,10.83,-4.94670465209255,8,0,FALSE
"438",11.9,1.81,0.32,10.18,-4.92567531710747,8,0,FALSE
"14",7.68,1.16,0.78,15.49,-4.89794500599557,8,0,FALSE
"181",18.8,1.32,1.38,11.55,-4.89649764269806,8,0,FALSE
"662",29.23,2.63,0.47,-0.54,-4.89157177602387,8,0,FALSE
"226",15.03,2.18,0.64,8.38,-4.89075840726168,8,0,FALSE
"607",17.61,3.44,0.02,1.31,-4.88371207072225,8,0,FALSE
"456",20.7,2.49,0,2.41,-4.88172082128852,8,0,FALSE
"477",10.76,1.1,0.71,13.67,-4.87045783757291,8,0,FALSE
"618",10.21,1.11,1.42,16.16,-4.84730612340139,8,0,FALSE
"439",5.45,1.22,0.05,13.41,-4.83396298985126,7,0,FALSE
"101",16.86,0.99,0.72,10.66,-4.82975110787336,7,0,FALSE
"636",4.34,1.7,1.44,17.28,-4.82547118673007,7,0,FALSE
"673",12.01,4.42,0.26,1.57,-4.81687358300646,7,0,FALSE
"447",36.64,1.43,0.28,-2.21,-4.79569012564735,7,0,FALSE
"49",4.13,1.42,1.34,17.54,-4.7878252180603,7,0,FALSE
"347",18.85,0.91,1.09,10.35,-4.7283308133757,7,0,FALSE
"567",13.84,4.06,0.05,0.03,-4.70001146313816,7,0,FALSE
"299",23.86,2.1,0.44,1.97,-4.69644900211537,7,0,FALSE
"332",8.14,2.71,0.58,8.3,-4.66988124389322,7,0,FALSE
"412",9.97,1.12,0.97,12.9,-4.6228794996162,7,0,FALSE
"608",17.41,3.05,0.44,1.41,-4.56682199379729,7,0,FALSE
"121",28.57,1.07,0,0,-4.56353395507913,7,0,FALSE
"185",18.27,0.95,0.47,6.95,-4.54846821722095,7,0,FALSE
"124",8.88,1.21,0,9.26,-4.5482824993622,7,0,FALSE
"225",14.22,0.89,0.24,8.31,-4.54395656145948,7,0,FALSE
"147",3.68,1.2,0.9,14.9,-4.54142823995472,7,0,FALSE
"620",4.75,1.13,1.35,16,-4.52776589657197,7,0,FALSE
"365",15.59,3.36,0.12,0,-4.52580325029136,7,0,FALSE
"183",11.89,3.72,0.04,0.5,-4.52161642718712,7,0,FALSE
"474",17.08,2.63,0.18,1.5,-4.51895339708149,7,0,FALSE
"645",22.55,1.18,0.73,4.81,-4.51803047678995,7,0,FALSE
"592",15.68,1.33,0.93,8.43,-4.51192243399856,7,0,FALSE
"200",25.94,2.71,4.25,10.69,-4.50412208934635,7,0,FALSE
"687",11.95,2.47,0,3.69,-4.49407105830673,7,0,FALSE
"568",11.97,0.91,1.46,13.1,-4.48818100908945,7,0,FALSE
"450",29.67,1.32,0.82,0.73,-4.46226213275692,7,0,FALSE
"545",16.94,2.17,1.03,5.08,-4.42987385793031,7,0,FALSE
"222",12.02,1.46,0.69,8.32,-4.42083084450486,7,0,FALSE
"629",22.68,1.42,0.97,4.08,-4.41875234634228,7,0,FALSE
"701",8.41,1.62,1.06,10.9,-4.41797168117151,7,0,FALSE
"158",6.14,3.17,0.23,4.62,-4.40220462648848,7,0,FALSE
"44",23.17,1.43,0.95,3.57,-4.39774078540509,7,0,FALSE
"329",18.06,2.52,0.17,0.17,-4.37955899743171,7,0,FALSE
"377",12.46,1.35,0.4,7.05,-4.37456606930963,7,0,FALSE
"84",18.05,1.17,1.67,9.06,-4.36490301717624,7,0,FALSE
"71",10.18,2.43,0.07,3.88,-4.36459300731193,7,0,FALSE
"596",13.64,0.74,1.74,12.66,-4.35718753814821,7,0,FALSE
"133",14.06,1.29,0.58,6.82,-4.34686433797793,7,0,FALSE
"310",7.78,5.17,1.49,1.73,-4.31974029846375,7,0,FALSE
"267",5.01,0.92,1.71,16,-4.31624617672061,7,0,FALSE
"123",24.43,1.37,1.27,3.53,-4.313165612487,7,0,FALSE
"72",6.53,1.39,0.08,8.28,-4.31180691183851,7,0,FALSE
"493",8.2,1.24,0.34,8.53,-4.28200592969377,7,0,FALSE
"173",10.41,1.24,0.13,6.68,-4.27796790642841,7,0,FALSE
"359",6.86,4.04,0.1,0.32,-4.2774095082403,7,0,FALSE
"206",20.54,0.39,1.25,7.89,-4.27468101919036,7,0,FALSE
"174",13.36,1.24,0.53,6.52,-4.26999168545572,7,0,FALSE
"350",30.01,0.58,0.5,-0.01,-4.26457649042223,7,0,FALSE
"282",16.18,1.29,5.46,21.8,-4.26224416096385,7,0,FALSE
"68",7.34,1.4,0.33,8.26,-4.25657958411164,7,0,FALSE
"300",17.76,1.12,0.8,5.41,-4.24616382913821,7,0,FALSE
"144",6.63,2.53,0.08,4.4,-4.24155148073783,7,0,FALSE
"348",13.17,1.37,1.71,10.04,-4.23971375732541,7,0,FALSE
"306",8.91,0.86,1.23,11.87,-4.22696364195645,7,0,FALSE
"139",60,0.52,4.86,-0.12,-4.22557238978876,7,1,FALSE
"591",36.5,1.18,0.47,-5.42,-4.21935537902535,7,0,FALSE
"675",11.39,1.15,0.02,5.54,-4.21173490689716,7,0,FALSE
"291",6.52,4.19,0.33,0.3,-4.20951921442898,7,0,FALSE
"374",7.49,1.05,1.11,11.37,-4.19588327714439,7,0,FALSE
"167",10.26,1.97,0.08,3.77,-4.1882583050927,7,0,FALSE
"303",4.67,0.89,0.65,11.57,-4.18550298516613,7,0,FALSE
"108",12.41,2.29,0.48,3.12,-4.18383991650604,7,0,FALSE
"19",7.84,5,1.2,0,-4.17168309335551,7,0,FALSE
"405",10.05,0.96,0.66,8.39,-4.14325782204032,7,0,FALSE
"62",13.95,1.06,0.09,4.11,-4.13043405061165,7,0,FALSE
"249",17.68,1.23,0.67,3.73,-4.12713994755986,7,0,FALSE
"6",5.26,1.86,0.32,6.83,-4.11860981920811,7,0,FALSE
"105",28,1.35,0.84,-1.34,-4.10471051854717,7,0,FALSE
"514",4.22,1.75,0.28,7.39,-4.10190141911631,7,0,FALSE
"556",7.56,1.68,0.98,8.29,-4.09712221137424,7,0,FALSE
"580",8.12,2.47,0.94,5.53,-4.08684220578399,6,0,FALSE
"164",14.81,1.88,0,0.65,-4.08371277244445,6,0,FALSE
"431",8.65,2.8,0.01,1.02,-4.07241928144439,6,0,FALSE
"476",14.86,1.6,0.36,2.56,-4.07131539083499,6,0,FALSE
"221",13.58,2.06,0.24,1.43,-4.06660759698014,6,0,FALSE
"199",13.08,1.41,0.2,3.3,-4.05389878915906,6,0,FALSE
"259",14.39,1,2.35,11.11,-4.0442985735629,6,0,FALSE
"276",3.02,4.29,0.23,0,-4.03458075926685,6,0,FALSE
"37",18.01,1.04,0.54,2.91,-4.03351972876252,6,0,FALSE
"519",9.42,1.1,1.6,10.59,-4.02764604809534,6,0,FALSE
"441",6.39,3.53,0.13,0.09,-4.02603319163192,6,0,FALSE
"277",13.44,2.74,0.51,0,-4.0073772294904,6,0,FALSE
"651",6.38,1.07,1.56,11.88,-4.00662910544334,6,0,FALSE
"234",16.15,0.91,2.38,10.27,-4.00387074336492,6,0,FALSE
"606",14.92,0.96,0.57,4.51,-4.0003745275994,6,0,FALSE
"674",16.15,1.41,0.56,2.54,-3.99588752947177,6,0,FALSE
"388",12.75,1.25,0.61,4.85,-3.99479677904976,6,0,FALSE
"194",15.95,3.18,0.99,-0.97,-3.99408063250879,6,0,FALSE
"275",16.41,1.28,1.25,5.13,-3.99384256045163,6,0,FALSE
"404",12.88,1.75,0.59,3.26,-3.991653000196,6,0,FALSE
"413",30.69,1.52,0.02,-6.9,-3.98961244016394,6,0,FALSE
"657",10.06,1.07,0.02,4.59,-3.98350174417722,6,0,FALSE
"505",3.22,1.18,0.66,9.85,-3.98151698043288,6,0,FALSE
"83",19.67,0.95,2.33,7.96,-3.96973924688752,6,0,FALSE
"161",25,0,0,0,-3.96347258704686,6,0,FALSE
"201",10.83,2.27,0.12,0.95,-3.96313386374184,6,0,FALSE
"82",16.23,1.34,0.28,1.33,-3.94483339034329,6,0,FALSE
"15",2.7,4,0.19,0,-3.9288575228134,6,0,FALSE
"355",8.13,1.65,0.01,3.39,-3.92592673644331,6,0,FALSE
"70",9.73,0.69,1.92,11.85,-3.92147028628538,6,0,FALSE
"5",8.71,1.19,0.46,5.9,-3.91845566758191,6,0,FALSE
"360",7.45,0.84,0.17,6.5,-3.91413557083852,6,0,FALSE
"76",8.6,1.04,0.42,6.2,-3.91261172429667,6,0,FALSE
"444",12.42,1.25,0.32,3.34,-3.91036761259074,6,0,FALSE
"354",20.45,2.84,0.6,-4.25,-3.90953481761636,6,0,FALSE
"343",17.92,1.57,0.56,0.5,-3.90875723392045,6,0,FALSE
"92",9.02,0.71,1.24,9.49,-3.88099291672171,6,0,FALSE
"708",13.37,1.82,0.56,1.8,-3.87835645721145,6,0,FALSE
"692",9.69,1.4,1.96,9.62,-3.87754798296719,6,0,FALSE
"676",7.59,1.67,1.33,7.73,-3.87724056245899,6,0,FALSE
"390",13.35,1.78,0,-0.02,-3.87509642514011,6,0,FALSE
"392",6.23,2.96,0,0.07,-3.86648800522358,6,0,FALSE
"496",14.39,1.65,2.1,6.94,-3.86410389670278,6,0,FALSE
"55",16.5,1.34,0.87,2.53,-3.85964132940995,6,0,FALSE
"244",11.98,1.22,1.07,5.8,-3.85907253263119,6,0,FALSE
"581",17.75,1.28,1.96,5.77,-3.85414916984259,6,0,FALSE
"192",5.94,1.14,0.72,7.73,-3.8464933754876,6,0,FALSE
"349",20.99,0.72,2.34,6.99,-3.84484125361475,6,0,FALSE
"209",2.4,1.42,0.13,6.61,-3.83949927428394,6,0,FALSE
"536",13.23,1.85,0.81,2.06,-3.80640972406498,6,0,FALSE
"559",23.43,0.89,1.24,1.19,-3.80353389799418,6,0,FALSE
"272",11.63,0.87,1.35,7.42,-3.7951778662508,6,0,FALSE
"428",12.62,2.22,0.45,-0.03,-3.79392613117709,6,0,FALSE
"603",16.74,1.74,0.66,0,-3.79188949376288,6,0,FALSE
"119",15.37,1.58,1.82,5.11,-3.79161492773633,6,0,FALSE
"149",13.7,0.92,1.22,5.75,-3.78860494118546,6,0,FALSE
"389",5.23,3.07,0.19,0,-3.75450453457722,6,0,FALSE
"478",13.11,1.07,1.29,5.4,-3.73235372011014,6,0,FALSE
"689",5.52,1.19,0.23,5.17,-3.72900605292125,6,0,FALSE
"339",34.87,0.86,2.04,-2.28,-3.72765297856065,6,0,FALSE
"261",9.57,1.64,1,4.41,-3.71701187381385,6,0,FALSE
"319",28.27,1.49,3.41,3.74,-3.7092425634182,6,0,FALSE
"599",15.09,1.64,2.33,6.08,-3.69929300786076,6,0,FALSE
"197",15.73,1.18,0.9,2.17,-3.69795249853999,6,0,FALSE
"399",15.22,0.62,0.37,2.21,-3.69778710025407,6,0,FALSE
"494",3.06,3.27,0.18,0,-3.69603207444594,6,0,FALSE
"614",16.59,0.56,0.37,1.68,-3.69517647643735,6,0,FALSE
"464",5.21,2.53,0.06,0.62,-3.69363239185811,6,0,FALSE
"566",12.54,1.32,0.6,2.29,-3.69340618025611,6,0,FALSE
"127",1,4.47,0.12,-2.64,-3.69326005837546,6,0,FALSE
"589",10.39,1.21,1.14,5.5,-3.69056151114778,6,0,FALSE
"473",19.63,0.55,0.34,0,-3.68335214671376,6,0,FALSE
"342",9,1.17,0,2.34,-3.68307734229798,5,0,FALSE
"694",12.07,1.72,0.09,-0.54,-3.67214717282575,5,0,FALSE
"641",6.69,1.29,0.83,5.85,-3.66605034379246,5,0,FALSE
"445",6.27,1.46,0.13,3.16,-3.66428400973731,5,0,FALSE
"325",13.66,0.85,1.02,4.25,-3.66018942955135,5,0,FALSE
"446",7.6,2.81,0.62,0.25,-3.65655004577782,5,0,FALSE
"115",10.35,1.47,0.66,2.69,-3.63581867759153,5,0,FALSE
"565",16.82,1.75,1.11,0,-3.60916871765396,5,0,FALSE
"489",2.17,2.32,0.32,2.9,-3.60402364213961,5,0,FALSE
"472",16.62,0.52,0.03,-0.14,-3.6015211295726,5,0,FALSE
"132",10.45,1.61,0.56,1.62,-3.60146507101371,5,0,FALSE
"187",12.86,1.89,1.48,2.77,-3.60120209701183,5,0,FALSE
"122",0.8,3.3,0.13,0.07,-3.59731481428423,5,0,FALSE
"572",6.2,0.97,1.03,7.13,-3.5959973569824,5,0,FALSE
"460",22.26,1.12,2.28,3,-3.59573469804639,5,0,FALSE
"419",3.88,1.33,0.14,4.14,-3.5881166820473,5,0,FALSE
"134",3.07,1.13,0.4,6,-3.5874111733765,5,0,FALSE
"383",7.2,1.15,2.26,10.24,-3.5847219220654,5,0,FALSE
"323",15.98,1.24,0.46,-0.56,-3.58298105940097,5,0,FALSE
"627",14.09,1.38,0.47,-0.01,-3.58018478835626,5,0,FALSE
"454",18.21,1,0.78,0.08,-3.57861684837849,5,0,FALSE
"715",13.7,0.94,0.56,1.71,-3.57499545077021,5,0,FALSE
"269",8.18,1.03,0.35,3.33,-3.55690450261627,5,0,FALSE
"553",20.8,0.75,0.99,0,-3.55031622126296,5,0,FALSE
"172",0,3.17,0,0,-3.54838815960017,5,1,FALSE
"90",13.52,1.36,0.47,-0.01,-3.53794850081791,5,0,FALSE
"509",6.25,2.28,0.15,-0.18,-3.53146893078153,5,0,FALSE
"483",14.63,0.74,0.76,2.08,-3.52220443435021,5,0,FALSE
"436",13.58,1.71,1.1,0.97,-3.51983131711374,5,0,FALSE
"366",2.31,0.46,1.96,13.08,-3.51801706071699,5,0,FALSE
"326",16.47,1.04,0.69,-0.07,-3.5052082829798,5,0,FALSE
"241",5.42,1.56,1.35,6.16,-3.50117134429889,5,0,FALSE
"380",7.95,1.13,0.65,3.73,-3.50039290607297,5,0,FALSE
"526",10.05,1.29,0.15,0.51,-3.49967720621486,5,0,FALSE
"86",10.63,1.88,1.69,3.77,-3.49501708001828,5,0,FALSE
"669",19.35,2.04,1.97,-0.1,-3.49029056451505,5,0,FALSE
"238",7.82,1.22,1.1,4.99,-3.48943822416216,5,0,FALSE
"696",16.54,1.07,0.79,-0.02,-3.4838902139744,5,0,FALSE
"260",15.01,1.24,3.21,8.53,-3.48230266217516,5,0,FALSE
"273",17.75,0,0.09,-0.05,-3.47216037649773,5,0,FALSE
"425",2.67,1.3,0.44,4.84,-3.46224409762232,5,0,FALSE
"642",3.89,0.9,1.52,9,-3.45252072115836,5,0,FALSE
"703",4.41,1.11,2.59,11.78,-3.44936249254794,5,0,FALSE
"35",0,2.89,0,0,-3.4489445174189,5,1,FALSE
"255",5.32,1.18,0.85,5.12,-3.4434891212931,5,0,FALSE
"45",21.19,0.52,1.12,-0.01,-3.43619189085068,5,0,FALSE
"129",10.46,1.15,0.36,0.9,-3.43437617763478,5,0,FALSE
"560",13.04,1.21,0.53,0,-3.4308359751222,5,0,FALSE
"351",9.23,1.75,1.39,3.28,-3.42924135940156,5,0,FALSE
"435",7.76,2.43,0.79,0,-3.42820900581169,5,0,FALSE
"65",12.33,1.72,0.81,-0.18,-3.42690394681307,5,0,FALSE
"361",0.33,3.29,0.45,0.01,-3.42138426957726,5,0,FALSE
"131",7.22,1.04,1.45,6.37,-3.41099709512309,5,0,FALSE
"437",4.59,1.2,1.39,7,-3.40935883970236,5,0,FALSE
"95",7.36,1.63,0.8,2.34,-3.40544714082221,5,0,FALSE
"268",21.27,1.25,2.65,2.79,-3.39762301319114,5,0,FALSE
"395",9.47,3.4,2.05,0.27,-3.37623275392401,5,0,FALSE
"211",8.73,2.82,1.38,0,-3.3758190406799,5,0,FALSE
"229",6.62,1.1,0.19,1.82,-3.36628605292578,5,0,FALSE
"595",11.95,0.6,0.01,-0.02,-3.36547154508311,5,0,FALSE
"609",4.51,2.29,0.36,0,-3.36087185852202,5,0,FALSE
"583",16.62,1.29,1.28,-0.01,-3.35999677582796,5,0,FALSE
"630",6.14,1.34,0.33,1.8,-3.35997124845443,5,0,FALSE
"228",7.86,1.35,0.06,-0.01,-3.3597381819985,5,0,FALSE
"704",6.51,1.04,2.75,10.72,-3.35446787037148,5,0,FALSE
"574",4.41,1.6,0.45,2.16,-3.33934837854925,5,0,FALSE
"69",8.78,1.38,0.27,0,-3.3391112737307,5,0,FALSE
"168",7.31,1.31,0,-0.07,-3.32968255960979,5,0,FALSE
"102",5.32,1.69,0.21,0.53,-3.3271830137045,5,0,FALSE
"140",7.02,3.39,1.98,0.84,-3.32211891465639,5,0,FALSE
"109",4.14,1.97,0.19,0.18,-3.31897680321935,5,0,FALSE
"678",11.87,1.14,0.57,0,-3.31686376045037,4,0,FALSE
"297",19.88,1.14,2.54,2.75,-3.31465700529019,4,0,FALSE
"550",4.71,2.65,0.81,0,-3.30985209203225,4,0,FALSE
"2",14.16,1.39,1.61,1.65,-3.30958489286192,4,0,FALSE
"465",1.69,2.61,0.15,-0.66,-3.308063128267,4,0,FALSE
"563",8.85,1.27,1.24,3.28,-3.29907886608053,4,0,FALSE
"497",7.38,3.44,2.04,0.49,-3.29315635317657,4,0,FALSE
"125",7.84,1.15,0.23,0.61,-3.29215016267667,4,0,FALSE
"601",2.57,1.11,0.27,3.45,-3.28840977993768,4,0,FALSE
"469",7.23,1.42,1.15,3.26,-3.2882598274738,4,0,FALSE
"252",2.73,1.41,3.88,14.72,-3.26893670226078,4,0,FALSE
"471",5.16,1.14,1.55,6.28,-3.26588644631268,4,0,FALSE
"555",15.26,1.02,1.08,-0.01,-3.26525742796692,4,0,FALSE
"157",13.88,1.38,2.21,3.51,-3.26456196303327,4,0,FALSE
"293",9.99,1.49,0.72,-0.01,-3.26031559743624,4,0,FALSE
"287",15.15,1.02,1.1,0,-3.25121987352059,4,1,FALSE
"130",11.19,1.74,1.26,0.35,-3.23828157238993,4,0,FALSE
"554",14,1,1,0.16,-3.23557095990313,4,0,FALSE
"52",3.49,0.68,2.69,12.04,-3.22970152707055,4,0,FALSE
"13",7.78,1.45,0.45,0,-3.22585372109665,4,0,FALSE
"29",7.45,1.48,0.69,0.89,-3.22459360584234,4,0,FALSE
"93",7.12,1.54,0.76,1.07,-3.21814816830113,4,0,FALSE
"198",9.63,1.71,0.96,0,-3.21552587625037,4,0,FALSE
"500",6.65,1.25,0.99,2.87,-3.2117394122135,4,0,FALSE
"247",9.48,1.24,1.98,4.88,-3.21130529455769,4,0,FALSE
"118",3.93,1.73,0.16,-0.03,-3.2074929123805,4,0,FALSE
"384",5.86,1.29,1.41,4.49,-3.19974971823362,4,0,FALSE
"180",5.65,1.35,0.49,1.19,-3.18966940964811,4,0,FALSE
"150",9.15,1.19,1.39,2.93,-3.18200715250913,4,0,FALSE
"610",11.45,2.31,1.82,0,-3.17538822879823,4,0,FALSE
"316",21.74,0.73,2.26,0.89,-3.17193435887375,4,0,FALSE
"278",11.31,0.91,1.15,1.71,-3.16633922937466,4,0,FALSE
"358",12.43,1.17,1.04,0,-3.16233400449838,4,0,FALSE
"502",5.72,1.45,0.31,0,-3.15836668409159,4,0,FALSE
"104",7.03,1.04,0.1,-0.21,-3.1566760725946,4,0,FALSE
"176",5.26,1.81,0.58,0,-3.14314772710069,4,0,FALSE
"16",0,1.97,0,0,-3.12220112168045,4,0,FALSE
"189",6.14,0.98,3.27,10.97,-3.12041812764112,4,0,FALSE
"87",3.42,2.79,4.67,11.9,-3.1161048752303,4,0,FALSE
"400",4.02,2.11,0.79,0.24,-3.11380716056059,4,0,FALSE
"368",3.13,0.99,1.62,6.68,-3.10736516433559,4,0,FALSE
"711",9.77,1.02,0.68,-0.01,-3.09682801937198,4,0,FALSE
"517",13.63,0.8,2.26,4.1,-3.09510435367988,4,0,FALSE
"10",25.29,0.55,1.81,-2.53,-3.09378559226651,4,0,FALSE
"89",11.54,1.6,1.45,0,-3.08598651453712,4,0,FALSE
"451",9.59,1.68,1.36,0.42,-3.08454636195337,4,0,FALSE
"162",8.45,1.07,1.1,1.83,-3.08301222594402,4,0,FALSE
"186",9.94,1.12,1.63,2.75,-3.08153628311988,4,0,FALSE
"579",4.93,1.85,0.73,0.06,-3.08072200440659,4,0,FALSE
"295",7.31,0.61,0,-0.1,-3.07735208690506,4,0,FALSE
"258",11.64,1.14,1.59,1.56,-3.06280415484208,4,0,FALSE
"51",7.35,1.92,1.47,1.02,-3.05940533332459,4,0,FALSE
"251",4.94,0.83,2,7.13,-3.05646338998791,4,0,FALSE
"97",7.34,1.1,1.31,2.75,-3.05014339520759,4,0,FALSE
"427",8.79,1.22,0.89,0.24,-3.04923797868964,4,0,FALSE
"481",11.95,0.86,1,0.04,-3.04460753122493,4,0,FALSE
"274",10.02,1.25,1.44,1.32,-3.03598262926259,4,0,FALSE
"207",5.63,0.75,0,0,-3.03592806900496,4,0,FALSE
"484",2.87,2.7,0.95,-1,-3.03066649822363,4,0,FALSE
"77",12.85,0.72,1.05,0,-3.02415250204646,4,0,FALSE
"537",7.31,1.48,0.89,-0.01,-3.01934414146762,4,0,FALSE
"182",8.83,1.26,0.93,0,-3.01914291148136,4,0,FALSE
"407",27.27,0.9,3.31,0,-3.016622635202,4,0,FALSE
"522",20.4,0.48,2.12,0.53,-3.01538068997211,4,0,FALSE
"531",3.97,1.17,0.55,1.33,-3.0140635638355,4,0,FALSE
"80",7.49,1.25,1.31,1.95,-3.0134258860217,4,0,FALSE
"346",2.68,0.39,0.12,2.63,-3.00149470646809,4,0,FALSE
"600",7.54,1.23,0.93,0.58,-3.00092275746841,4,0,FALSE
"327",6.46,0.73,1.59,4.8,-2.99981752419203,4,0,FALSE
"334",4.33,0.56,0.79,3.55,-2.99301393697535,4,0,FALSE
"270",4.85,1.42,0.57,0,-2.98361467441651,4,0,FALSE
"643",5.03,1.08,0.32,0,-2.98018042457808,3,0,FALSE
"506",10.21,1.2,1.18,-0.03,-2.97294738769835,3,0,FALSE
"324",5.82,0.92,2.55,7.59,-2.96603613665465,3,0,FALSE
"448",2.81,1.28,0.22,-0.01,-2.9556263128617,3,0,FALSE
"414",7.27,0.62,0.46,0.45,-2.95121095782615,3,1,FALSE
"552",3.38,1.97,1.62,2.49,-2.95107623769522,3,0,FALSE
"639",3.14,1.71,0.07,-1.96,-2.95052915522619,3,0,FALSE
"577",11.52,0.93,1.36,0.48,-2.94458187944544,3,0,FALSE
"91",2.67,1.63,0.53,0,-2.94082428859484,3,0,FALSE
"262",5.26,1.22,0.59,0,-2.92935680443416,3,0,FALSE
"345",3.51,1.13,0.28,0,-2.92124561327623,3,0,FALSE
"585",8.86,1.36,1.51,0.77,-2.90558288833986,3,0,FALSE
"597",6.68,1.29,2.11,4.1,-2.90448703447596,3,0,FALSE
"617",21.41,1.03,3.45,2,-2.89020492984289,3,0,FALSE
"170",3.91,0.62,0,0,-2.88374192443688,3,0,FALSE
"344",7.66,0.83,0.72,0,-2.88353864433359,3,0,FALSE
"178",7.62,0.93,0.81,-0.01,-2.87710762824153,3,0,FALSE
"507",1.74,1.98,0.84,0,-2.87608846736807,3,0,FALSE
"409",4.19,1.19,0.09,-1.54,-2.87416832008075,3,0,FALSE
"135",1.02,1.09,0,0,-2.87253384412613,3,0,FALSE
"340",6.87,1.88,1.93,1.43,-2.87101968855234,3,0,FALSE
"11",3.67,1.38,0.85,0.74,-2.86949939327942,3,0,FALSE
"338",0,1.25,0,0,-2.86648889892862,3,0,FALSE
"546",10.72,1.24,1.93,1.31,-2.86613745795876,3,0,FALSE
"584",8.56,0.93,0.89,-0.33,-2.86136025770202,3,0,FALSE
"468",12.47,1.13,3.33,5.51,-2.86107199454434,3,0,FALSE
"335",0,1.21,0,0,-2.85228266433129,3,0,FALSE
"459",2.92,1.46,1.17,1.81,-2.84844597680914,3,0,FALSE
"686",3.65,1.55,0.93,0.34,-2.84503321863385,3,0,FALSE
"638",4.82,0.9,0.46,0,-2.84382309634415,3,0,FALSE
"171",17.45,1.21,2.66,0.06,-2.80506951859932,3,0,FALSE
"660",3.55,1.06,0.61,0.35,-2.80205038188198,3,0,FALSE
"463",5.09,1.02,0.7,0,-2.80110873160042,3,0,FALSE
"547",0,1.04,0,0,-2.79190616729267,3,0,FALSE
"538",3.48,2.21,1.26,-0.84,-2.78236823924929,3,0,FALSE
"569",1.95,1.26,1.12,2.02,-2.76492115981518,3,0,FALSE
"523",1.37,0.96,0.22,0,-2.75445940912283,3,0,FALSE
"562",8.65,1.25,2.26,2.5,-2.74949861177517,3,0,FALSE
"190",15.03,1.17,2.47,0.01,-2.71622940934663,3,0,FALSE
"693",6.9,1.08,1.31,0.31,-2.71324873284277,3,0,FALSE
"615",5.11,1.43,1.5,0.84,-2.71223667360212,3,0,FALSE
"141",1.72,0.5,0,0,-2.70613788235557,3,0,FALSE
"668",2.48,0.54,0.15,0,-2.70345390859916,3,0,FALSE
"685",9.72,1.05,1.55,-0.32,-2.69628698504338,3,0,FALSE
"30",16.92,0.22,2.59,2.04,-2.69615050280156,3,0,FALSE
"659",2.72,0.97,0.41,-0.61,-2.68482302226787,3,0,FALSE
"302",4.23,0.7,1.3,2.23,-2.65613480476433,3,0,FALSE
"193",4.41,0.66,0.67,0.02,-2.64656716306899,3,0,FALSE
"690",8.68,0.96,1.54,0,-2.64416387716978,3,0,FALSE
"177",8.17,1.21,3.47,6.11,-2.63938663046921,3,0,FALSE
"43",-0.82,1.21,0.25,-0.49,-2.63473381822333,3,0,FALSE
"219",3.16,0.96,1.44,2.14,-2.61187401428289,3,0,FALSE
"633",3.31,1.36,1.22,0,-2.59120157259265,3,0,FALSE
"691",3.88,1.09,1.68,2.05,-2.58928381978094,3,0,FALSE
"288",4.68,0.97,3.49,8.12,-2.57986928273554,3,0,FALSE
"8",2.07,1.56,1.24,0,-2.57730476631076,3,0,FALSE
"415",4.02,1.21,1.57,1.09,-2.56818655714702,3,0,FALSE
"254",4.56,0.92,1.33,0.71,-2.55331319035721,3,0,FALSE
"698",11.51,0.71,2.08,0.28,-2.53509681311012,3,0,FALSE
"99",10.89,1.13,2.8,1.79,-2.52743077780026,3,0,FALSE
"539",4.79,1.35,1.58,0,-2.525910337469,3,0,FALSE
"590",5.91,0.73,2.42,4.04,-2.51897858418037,3,0,FALSE
"230",5,2.51,2.46,-0.6,-2.50249890799431,3,0,FALSE
"452",6.84,2.7,3.33,0.92,-2.50228041045798,3,0,FALSE
"239",1.88,1.11,1.41,1.36,-2.50224319236296,3,0,FALSE
"518",8.36,0.56,1.73,0.62,-2.47855561791792,3,0,FALSE
"364",1.18,0.81,0.82,0.35,-2.47795318254454,3,0,FALSE
"301",0.95,1.09,0.42,-1.71,-2.47764489198135,3,0,FALSE
"313",0,0.14,0,0,-2.47226588885287,3,0,FALSE
"212",2.95,0.65,0.52,-1.16,-2.47038603567213,3,1,FALSE
"24",8.74,0.95,2.31,1.23,-2.46971650286869,3,0,FALSE
"145",3.45,0.94,1.55,1.27,-2.46798743159674,3,0,FALSE
"47",0,0.5,0.33,0,-2.45990624248082,2,0,FALSE
"88",-3.01,1.26,0.57,0,-2.44232180956413,2,0,FALSE
"218",0,0.04,0,0,-2.43675030235956,2,0,FALSE
"398",3.36,1.24,1.93,1.49,-2.43481630539071,2,0,FALSE
"571",-6.67,2,0.03,-2.22,-2.43360800499999,2,0,FALSE
"461",0,0.03,0,0,-2.43319874371023,2,0,FALSE
"67",5.35,1.31,1.84,-0.06,-2.42830514594456,2,0,FALSE
"235",0,0,0,0,-2.42254406776224,2,0,FALSE
"292",0,0,0.01,0,-2.41829510540624,2,0,FALSE
"625",5.38,1.74,3.71,4.92,-2.4060622852758,2,0,FALSE
"107",2.04,0.97,0.94,-0.79,-2.39538655816602,2,0,FALSE
"542",8.49,1.3,2.61,0.73,-2.38912011219649,2,1,FALSE
"475",4.99,1.25,1.85,0,-2.388000195518,2,0,FALSE
"210",0,0.11,0.19,0,-2.3808809281409,2,0,FALSE
"191",2.18,1.15,1.39,-0.02,-2.37225560033201,2,0,FALSE
"705",1.61,1.24,1.39,0,-2.37156736943734,2,0,FALSE
"85",8.26,1.25,3.58,4.16,-2.37051275046867,2,0,FALSE
"528",1.41,1.06,1.26,0,-2.35054839622309,2,1,FALSE
"667",5.24,1.3,2.36,1.04,-2.33347759185557,2,0,FALSE
"294",7.4,0.47,1.68,0,-2.3317564901812,2,0,FALSE
"236",7.9,1.48,2.93,1.12,-2.32909323370762,2,0,FALSE
"654",9.68,2,3.36,-0.01,-2.30061151292924,2,0,FALSE
"214",3.21,0.93,1.44,-1.11,-2.20115307645464,2,0,FALSE
"632",18.18,0.97,4.7,2.31,-2.17714144702155,2,0,FALSE
"501",0,0,0.58,0,-2.17610425111429,2,0,FALSE
"41",12.71,2.75,4.48,-0.9,-2.16745460249823,2,0,FALSE
"635",10.59,1.82,4.09,1.33,-2.14882007392491,2,0,FALSE
"279",4.07,0.83,1.62,-1.11,-2.14216410861674,2,0,FALSE
"706",4.15,3.11,2.09,-6.32,-2.11087177517333,2,0,FALSE
"64",-14.15,1.79,0.1,-0.38,-2.09648058199766,2,0,FALSE
"707",4.17,1.27,2.91,1.53,-2.0839605774777,2,0,FALSE
"283",6.95,0.97,0.68,-7.3,-2.00096124702134,2,0,FALSE
"594",4.82,1.8,3.21,-0.02,-1.99251781538315,2,0,FALSE
"280",3.95,0.62,1.78,-1.27,-1.97235423038392,2,0,FALSE
"570",5.34,0.46,1.99,-0.79,-1.97151858421581,2,0,FALSE
"96",16.73,0.78,4.39,0.52,-1.92996423225874,2,0,FALSE
"386",2.05,0.97,2.28,0,-1.9246379781609,2,0,FALSE
"31",10.7,0.91,3.6,0.24,-1.90539780095798,2,0,FALSE
"479",12.37,0.42,1.82,-5.58,-1.86867550479449,2,0,FALSE
"486",3.69,1,2.69,0.01,-1.86341056412852,2,0,FALSE
"116",0.7,1.39,2.05,-1.95,-1.84643056422811,2,0,FALSE
"573",0,0,1.4,0,-1.82768933792237,2,0,FALSE
"34",4.56,1.91,4.71,3.5,-1.81485537470822,2,0,FALSE
"524",10.68,1.33,4.37,0.44,-1.75096953501291,2,0,FALSE
"453",9.85,1.13,5.14,3.59,-1.69235299518774,2,0,FALSE
"535",15.87,0.84,4.91,0.34,-1.65499139707003,2,1,FALSE
"57",37.22,1.48,10.95,8.4,-1.63167817799152,2,0,FALSE
"240",-10.22,2.06,0.53,-5.49,-1.61802835893774,2,0,FALSE
"672",15.33,0.97,4.51,-1.49,-1.61083269538969,2,0,FALSE
"426",1.09,1.23,2.75,-1.35,-1.59064409085089,2,0,FALSE
"363",0,0.11,2.08,0,-1.57782704285707,2,1,FALSE
"111",-36.11,4.1,0,-1.1,-1.51651582817611,2,0,FALSE
"487",4.12,1.24,3.26,-2,-1.4836294820978,2,0,FALSE
"619",12.69,0.92,5.15,0.48,-1.40278904257497,2,0,FALSE
"220",5.68,0.67,3.16,-2.14,-1.40246782174201,2,0,FALSE
"397",3.94,1.06,3.91,0,-1.38051533803494,2,1,FALSE
"440",16.7,1.03,6.59,2.84,-1.36991810006959,2,0,FALSE
"503",10.82,0.98,4.93,-0.02,-1.34029132553448,2,0,FALSE
"433",11.3,1.42,5.38,0,-1.33742333915638,2,0,FALSE
"312",12.29,0.62,4.94,0,-1.30127376023753,2,0,FALSE
"128",8.97,1.17,5.03,0,-1.25373351738575,2,0,FALSE
"647",3.67,1.08,5,2.78,-1.25268622916584,2,0,FALSE
"36",6.71,1.32,4.52,-2.09,-1.12514878727977,2,0,FALSE
"375",0,1.22,4.2,0,-1.07127003346101,2,1,FALSE
"700",-8.13,1.02,2.86,-0.59,-0.995302972426256,2,0,FALSE
"4",1.91,1.23,2.6,-7.09,-0.992899380825245,2,0,FALSE
"317",0.56,0.85,4.01,-0.6,-0.98068210200055,2,0,FALSE
"515",-7.03,0.88,0.21,-10.77,-0.876573076495102,2,0,FALSE
"98",24.13,0.89,7.13,-3.19,-0.800721450123164,2,1,FALSE
"20",0,0.16,0,-14,-0.742730955424303,2,1,FALSE
"532",-10.02,0.42,0.38,-9.14,-0.65886825500212,2,0,FALSE
"394",-4.28,0.61,3.02,-5.19,-0.448399016838584,1,1,FALSE
"516",42.34,0.26,8.97,-7.74,-0.353169148672048,1,0,FALSE
"695",1.85,0.4,5.5,0,-0.341705828363044,1,1,FALSE
"75",-12.15,0.92,3.59,-1.14,-0.333606761765476,1,1,FALSE
"266",-36.17,0.69,0.44,0.02,-0.253712800702164,1,0,FALSE
"56",-2.26,0.76,3.13,-7.94,-0.238315503627907,1,1,FALSE
"611",-25.37,1.28,0.63,-6.74,-0.20965750922852,1,0,FALSE
"541",0,0.9,6.14,0,-0.133321459618591,1,0,FALSE
"621",-25,8.08,8.61,-0.48,-0.0333764725969289,1,1,FALSE
"142",4.52,1.02,7.34,0.44,0.000755389999811472,1,0,FALSE
"42",-47.62,1.68,0.13,-0.54,0.03817584383954,1,0,FALSE
"136",-12.95,3.79,7.21,0,0.093118035806083,1,1,FALSE
"22",-10.69,0.45,3.37,-4.85,0.110058180837597,1,1,TRUE
"66",0.85,0.95,6.09,-2.92,0.137497444850761,1,1,TRUE
"113",16.82,1.28,14.04,15.08,0.181055593388082,1,0,TRUE
"684",-40,0.14,0.33,-0.61,0.209103300532181,1,0,TRUE
"529",6.08,0,5.73,-4.84,0.237738129586632,1,1,TRUE
"298",21.65,0.75,9.26,-2.75,0.252309408885454,1,0,TRUE
"575",-50,0.8,0,0,0.375188278860527,1,0,TRUE
"664",-3.64,1.24,6.32,-4.12,0.557833830333994,1,0,TRUE
"508",-30.06,1.53,2.59,-4.9,0.595184478436242,1,1,TRUE
"160",7.06,0.8,7.65,-4.42,0.656910670514201,1,0,TRUE
"558",8.26,4.84,12.56,0,0.686075482324763,1,0,TRUE
"138",21.6,0.84,8.46,-10.15,0.801447504984512,1,0,TRUE
"54",-33.33,0.13,2.87,-1.19,0.952718002190271,1,0,TRUE
"232",0,0,8,0,0.976625817037031,1,0,TRUE
"271",-58.59,0.94,1.08,0.06,1.30637469694087,1,1,TRUE
"370",-4.22,0.43,6.79,-6.02,1.31664744590786,1,1,TRUE
"151",12.53,0.51,11.33,0.97,1.31776320880301,1,0,TRUE
"23",-44.34,0.69,1.1,-6.36,1.3217049237274,1,1,TRUE
"420",6.96,0.59,11.14,0,1.67226353674138,1,0,TRUE
"644",-2.98,0.79,7.63,-7.87,1.69875843172545,1,1,TRUE
"146",-12.9,0.6,7.97,-4.29,2.07806004393288,1,1,TRUE
"25",7.12,0.25,11.93,0.06,2.11137987991602,1,0,TRUE
"21",4.13,1.75,0.85,-41.67,2.23151268989349,1,0,TRUE
"39",3.76,0.77,12.7,0.05,2.46221018030511,1,0,TRUE
"250",-14.56,1.16,6.51,-15.39,2.73804779235157,1,1,TRUE
"681",7.29,0.66,15.78,6.76,2.76003281557393,1,0,TRUE
"391",0,4.04,16,0,2.94096600750657,1,1,TRUE
"656",2.98,1.18,3.81,-38.43,3.36061943899988,1,0,TRUE
"40",-1.41,0.91,16.51,0.01,4.35496885764027,1,1,TRUE
"307",-113.04,1.02,0.34,-1.42,4.50326877948108,1,0,TRUE
"179",12.5,1,20,0,4.94976051966052,1,1,TRUE
"78",-23.49,2.22,16.07,0,5.06494885489664,1,1,TRUE
"626",33.33,0,26,0,6.57039215592513,1,1,TRUE
"58",6.07,0.82,20.59,-9.07,6.78579753523357,1,1,TRUE
"60",-4.11,0.42,1.58,-81.32,8.44034133300829,1,0,TRUE
"3",-5.5,0.6,0.15,-90.39,8.97958065180583,1,1,TRUE
"457",16.94,2.33,32,0,9.30248914147345,1,0,TRUE
"320",7.21,0.31,29.1,0,9.38743428510416,1,1,TRUE
"683",10.55,0.24,31,-0.4,10.0633482231337,1,1,TRUE
"598",9.72,0.64,31.56,0.22,10.1334783394044,1,0,TRUE
"417",-12.76,0.72,26.78,-15.97,11.4679626486739,1,1,TRUE
"382",5.45,1.57,34.4,-1.53,11.4901590415551,1,1,TRUE
"372",1.24,1.62,35.1,-10,13.0799869965659,1,0,TRUE
"330",-300,0.18,0.01,0,16.0089190703213,1,0,TRUE
"290",0,0.04,47.2,0,17.6183520179561,1,1,TRUE
"543",-350,0,0.77,-0.32,19.517319887651,1,0,TRUE
"401",-328.57,0.05,3.49,-5.97,20.0352534275489,1,1,TRUE
"309",-0.17,0.78,0,-188.01,20.6327212370373,1,1,TRUE
"504",-420,0.18,1.31,-2.77,24.3013473120612,1,1,TRUE
"263",10.31,0.91,65.4,-1.95,24.648887853381,1,1,TRUE
"175",-480,0.86,3.71,-9.73,29.6411779379912,1,1,TRUE
"658",8.1,1.27,142.11,-0.59,57.0823380739082,1,0,TRUE
"495",41.84,2.08,139.67,-82.5,63.8388509313269,1,1,TRUE
"196",1.42,0.15,0.3,-607.6,72.9342180848443,1,1,TRUE
"148",0,0.22,260,0,107.972342897929,1,1,TRUE
"480",10.21,1.25,341.18,6.02,140.72353919396,1,0,TRUE
"296",-2600,0.34,70.5,0,187.668453553555,1,1,TRUE
"217",-6400,0.22,0,0,391.977022578816,1,0,TRUE
"462",-7.52,0.58,32.25,-21875,2725.03483468858,1,1,TRUE
"586",-61.34,1.5,0,-72750,9025.14112937877,1,0,TRUE
